{
	"format_version": "1.8.0",
	"animations": {
		"idle": {
			"loop": true
		},
		"usingInventory": {
			"loop": true,
			"animation_length": 2,
			"bones": {
				"bone": {
					"rotation": {
						"0.0": {
							"vector": [0, 10, 0]
						},
						"0.5": {
							"vector": [1, -10, 0],
							"easing": "easeOutQuint"
						},
						"1.0": {
							"vector": [1, 10, 0],
							"easing": "easeInQuint"
						},
						"1.5": {
							"vector": [1, -10, 0],
							"easing": "easeOutQuint"
						},
						"2.0": {
							"vector": [0, 10, 0],
							"easing": "easeInQuint"
						}
					}
				}
			}
		},
		"move": {
			"loop": true,
			"animation_length": 1.04167,
			"bones": {
				"bone2": {
					"rotation": {
						"0.0": [0.0274, -8.73596, -8.94325],
						"0.5": [-3.49469, 19.39673, 20.66632],
						"1.0": [0.0274, -8.73596, -8.94325]
					},
					"position": {
						"0.0": [0, -0.25, 0],
						"0.5": [0, -0.25, 0],
						"1.0": [0, -0.25, 0]
					}
				},
				"bone3": {
					"rotation": {
						"0.0": [-7.5, 0, 0],
						"0.5": [7.4726, 0, 0],
						"1.0": [-7.5, 0, 0]
					}
				},
				"bone4": {
					"rotation": {
						"0.0": [-5.00332, -5.41629, -4.54554],
						"0.25": [-5.00332, -5.41629, -4.54554],
						"0.5": [-5.00332, -5.41629, -4.54554],
						"0.75": [-5.00332, -5.41629, -4.54554],
						"1.0": [-5.00332, -5.41629, -4.54554]
					}
				}
			}
		}
	},
	"geckolib_format_version": 2
}