{
	"format_version": "1.8.0",
	"animations": {
		"tail_idle": {
			"loop": true,
			"bones": {
				"tail_2": {
					"rotation": [-42.5, 0, 0]
				},
				"tail_3": {
					"rotation": [-42.5, 0, 0]
				},
				"tail_5": {
					"rotation": [20, 0, 0]
				},
				"tail_4": {
					"rotation": [2.5, 0, 0]
				},
				"tail_6": {
					"rotation": [47.5, 0, 0]
				}
			}
		},
		"tail_wag": {
			"loop": true,
			"animation_length": 1,
			"bones": {
				"tail_2": {
					"rotation": {
						"0.0": [-29.9055, 2.49762, 4.33287],
						"0.5": [-32.28729, -3.74196, -6.50446],
						"1.0": [-29.9055, 2.49762, 4.33287]
					}
				},
				"tail_3": {
					"rotation": {
						"0.0": [-43.16725, 17.47118, 4.24504],
						"0.5": [-43.16725, -17.47118, -4.24504],
						"1.0": [-43.16725, 17.47118, 4.24504]
					}
				},
				"tail_5": {
					"rotation": {
						"0.0": [19.9299, -1.70818, 4.69986],
						"0.5": [19.9299, 1.70818, -4.69986],
						"1.0": [19.9299, -1.70818, 4.69986]
					}
				},
				"tail_4": {
					"rotation": {
						"0.0": [4.66584, 2.42398, 14.75301],
						"0.5": [4.44242, 2.537, -19.787],
						"1.0": [4.66584, 2.42398, 14.75301]
					}
				},
				"tail_6": {
					"rotation": {
						"0.0": [49.95826, 16.38833, 25.93828],
						"0.5": [48.95637, -13.13694, -22.00944],
						"1.0": [49.95826, 16.38833, 25.93828]
					}
				},
				"tail_1": {
					"rotation": {
						"0.0": [0, 5, 0],
						"0.5": [0, -7.5, 0],
						"1.0": [0, 5, 0]
					}
				}
			}
		},
		"dress_idle": {
			"loop": true
		},
		"dress_on_shift": {
			"loop": true,
			"bones": {
				"bone": {
					"rotation": [-25, 0, 0],
					"position": [0, 0.45, -0.3],
					"scale": [1, 1, 1.2]
				}
			}
		}
	}
}