{
	"format_version": "1.8.0",
	"animations": {
		"tail_idle": {
			"loop": true,
			"animation_length": 1,
			"bones": {
				"tail_base": {
					"rotation": [-45, 0, 0],
					"position": [0, -0.5, 0.5]
				},
				"tail_section_1": {
					"rotation": [-17.5, 0, 0],
					"position": [0, -0.5, 0]
				},
				"tail_section_2": {
					"rotation": [35, 0, 0],
					"position": [0, -0.05, 0.5]
				},
				"tail_origin": {
					"rotation": [-25, 0, 0],
					"scale": [1, 1, 2.1]
				}
			}
		},
		"tail_wag": {
			"loop": true,
			"animation_length": 1,
			"bones": {
				"tail_base": {
					"rotation": {
						"0.0": [-62.40529, -31.00123, 16.99885],
						"0.5": [-64.56834, 19.77569, -16.3803],
						"1.0": [-62.40529, -31.00123, 16.99885]
					}
				},
				"tail_section_1": {
					"rotation": {
						"0.0": [-17.38666, -13.14259, 0.87656],
						"0.5": [-20.12867, 12.38418, -2.10602],
						"1.0": [-17.38666, -13.14259, 0.87656]
					},
					"position": {
						"0.0": [-0.25, -0.25, 0],
						"0.5": [0.25, -0.25, 0],
						"1.0": [-0.25, -0.25, 0]
					}
				},
				"tail_section_2": {
					"rotation": {
						"0.0": [35, 0, 0],
						"0.5": [45, 0, 0],
						"1.0": [37.5, 0, 0]
					},
					"position": {
						"0.0": [0, -0.25, 0.5],
						"0.5": [0, -0.5, 0.5],
						"1.0": [0, -0.25, 0.5]
					}
				},
				"tail_origin": {
					"rotation": {
						"0.0": [-36.99657, -30.7697, 16.93383],
						"0.5": [-50.12034, 22.92913, -16.05301],
						"1.0": [-36.99657, -30.7697, 16.93383]
					},
					"position": {
						"0.0": [0.2, 0.3, 0],
						"0.5": [-0.4, 0.4, 0.3],
						"1.0": [0.2, 0.3, 0]
					},
					"scale": {
						"0.0": [1, 1, 2.1],
						"0.5": [1, 1, 2.1],
						"1.0": [1, 1, 2.1]
					}
				}
			}
		},
		"dress_idle": {
			"loop": true
		},
		"dress_on_shift": {
			"loop": true,
			"bones": {
				"bone": {
					"rotation": [-25, 0, 0],
					"position": [0, 0.45, -0.3],
					"scale": [1, 1, 1.2]
				}
			}
		}
	}
}